Order_ID,Customer_Location,Restaurant_Location,Distance,Delivery_Person_Experience,Restaurant_Rating,Customer_Rating,Delivery_Time,Order_Cost,Tip_Amount,Weather_Conditions_Rainy,Weather_Conditions_Snowy,Weather_Conditions_Sunny,Traffic_Conditions_Low,Traffic_Conditions_Medium,Order_Priority_Low,Order_Priority_Medium,Order_Time_Evening,Order_Time_Morning,Order_Time_Night,Vehicle_Type_Bike,Vehicle_Type_Car
ORD0001,"(17.030479, 79.743077)","(12.358515, 85.100083)",-1.454738298343111,-0.4565115561884984,0.5154995368417549,-0.9873173907674431,-1.487932320267725,0.5018520052767202,1.192403008222266,True,False,False,False,True,False,True,False,False,False,False,True
ORD0002,"(15.398319, 86.639122)","(14.174874, 77.025606)",1.4391916669850693,1.0043254236146966,1.0859001308575285,0.7385105319141774,-0.2649866786680727,-1.6342938505125568,-0.6008100137768666,False,False,False,False,True,True,False,False,False,True,False,True
ORD0003,"(15.687342, 83.888808)","(19.594748, 82.048482)",-0.6664171229777637,1.3695346685654952,-0.6253016511897911,-0.41204141654023646,-0.7415288385439471,1.092646034021562,0.5993316031932308,False,True,False,False,True,False,False,False,False,True,True,False
ORD0004,"(20.415599, 78.046984)","(16.915906, 78.278698)",0.3358350776726034,-1.186930046090096,-0.767901799693734,0.019415564130168962,1.3824108302963394,-0.9233234566035831,1.113531681474018,False,False,False,True,False,False,True,True,False,False,True,False
ORD0005,"(14.786904, 78.706532)","(15.206038, 86.203182)",-0.7001185858651299,0.27390693371309904,-0.3401013541819043,-1.2749553778810467,-1.2809154158364564,-0.7797550982201547,-1.5117567660033873,True,False,False,False,False,True,False,False,False,True,True,False
ORD0006,"(15.560205, 80.59125)","(12.478068, 78.823965)",-0.2195064194713865,1.734743913516294,-1.3383023937095075,-0.5558604100970382,-0.3285032288913028,-0.340168375644418,0.38525228773369974,True,False,False,False,False,False,True,True,False,False,False,False
ORD0007,"(21.397639, 84.89693)","(15.934011, 86.767357)",-0.9301677020962813,0.27390693371309904,0.9432999823535857,1.169967512584582,-1.4025714538301564,-0.7255880139217226,0.7526356105956697,False,False,True,False,True,False,False,True,False,False,False,True
ORD0008,"(12.512731, 86.268971)","(12.019922, 78.4686)",1.6223517913729288,0.6391161786638978,-0.767901799693734,0.8823295254709785,-0.4441100716256474,-1.3381292863626282,-1.54931454064541,False,True,False,False,True,True,False,True,False,False,False,False
ORD0009,"(18.814724, 86.95472)","(15.30437, 84.059261)",0.2479182179664309,1.0043254236146966,-0.767901799693734,-0.9873173907674431,-0.7821928733429463,0.3226656822179734,-0.26005856747924017,False,True,False,False,True,True,False,False,False,True,False,False
ORD0010,"(14.364647, 87.968582)","(13.508338, 84.206901)",1.181302211846963,1.0043254236146966,-0.0549010571740175,0.594691538357375,0.37152308917741816,-1.1462601169802942,-0.7544554554942333,False,True,False,False,True,False,False,False,False,False,False,False
ORD0011,"(13.516083, 77.368398)","(21.043034, 80.024796)",1.0025379304444122,0.6391161786638978,-0.3401013541819043,-0.12440342942663285,-1.2036201430780284,-1.4862481184269976,-0.5325231507913704,True,False,False,False,False,True,False,False,False,False,False,True
ORD0012,"(21.81819, 81.305941)","(19.321344, 80.471393)",-1.2393419920629882,0.6391161786638978,-0.3401013541819043,-0.41204141654023646,1.2227792887300204,-0.252210826140925,0.4388574751773143,False,False,True,True,False,False,False,False,False,False,True,False
ORD0013,"(15.800841, 79.0468)","(19.299898, 77.014496)",-1.4884397612304772,0.6391161786638978,0.3728993883378121,1.4576054996981858,-1.592112905289954,1.462787776727514,-1.1870527325073523,False,True,False,True,False,False,False,False,True,False,False,False
ORD0014,"(17.328378, 81.85932)","(21.881675, 82.349324)",-1.5573079680003126,-1.5521392910408947,-1.7661028392213372,0.8823295254709785,-0.5062823562356875,-0.40963163050890516,0.19097616253996286,False,False,False,False,False,False,True,True,False,False,True,False
ORD0015,"(12.865312, 81.430712)","(16.452125, 83.164956)",-0.20924945250566632,0.27390693371309904,1.6563007248733022,-0.5558604100970382,-1.3847599344553883,-1.1933730533235323,0.27804191284647056,False,False,False,True,False,False,True,True,False,False,False,True
ORD0016,"(14.62525, 78.17385)","(12.069338, 80.962928)",1.3527400882739997,0.6391161786638978,-0.0549010571740175,-0.41204141654023646,-0.6850696827899648,-0.13494018513450196,-0.007055740117976518,False,True,False,False,True,False,False,False,True,False,False,True
ORD0017,"(21.621044, 83.330567)","(12.736908, 77.460086)",0.36953654055996965,-1.5521392910408947,0.9432999823535857,0.7385105319141774,-1.7799740247332643,-1.0085214819069872,-0.7892817556168364,True,False,False,False,False,False,True,False,True,False,True,False
ORD0018,"(13.110016, 81.85359)","(16.175275, 81.118374)",-0.9902442228954993,-1.186930046090096,-1.7661028392213372,1.3137865061413834,0.30733440614759316,-1.5827400904565931,1.6072457008591559,False,False,True,False,False,True,False,False,False,False,True,False
ORD0019,"(20.445084, 79.190647)","(12.511262, 82.796889)",-0.42318047779068635,-0.09130231123769969,-1.1957022452055641,1.3137865061413834,-0.981480250498372,0.1927670198720712,0.17970883014735603,False,False,True,False,True,True,False,False,False,False,True,False
ORD0020,"(15.372184, 81.192175)","(13.79455, 78.669119)",0.3153211437411633,1.3695346685654952,-1.1957022452055641,0.45087254480057376,1.1774103242848561,1.401255869563944,-1.1331061107488103,False,True,False,False,False,True,False,False,False,False,False,True
ORD0021,"(20.391596, 78.35831)","(13.595826, 87.437759)",1.137343781993877,1.734743913516294,0.3728993883378121,-0.41204141654023646,-0.9176276338718443,0.607463199662901,1.8083505123514423,False,False,False,False,True,True,False,False,True,False,True,False
ORD0022,"(20.90434, 77.535905)","(14.054784, 84.733876)",-0.9257718591109728,0.6391161786638978,0.8006998338496417,-1.2749553778810467,-1.0349148086226765,0.6336512670716906,0.07010841505563446,False,False,True,False,True,False,False,True,False,False,True,False
ORD0023,"(20.755161, 80.352103)","(17.361127, 79.954404)",-0.6385767840708091,-0.09130231123769969,-0.1975012056779609,-0.41204141654023646,0.9334261154908611,-1.4771106210757101,-1.5332671278438184,False,False,False,False,False,True,False,False,True,False,False,False
ORD0024,"(14.702472, 87.730108)","(15.846967, 78.528528)",-0.8671606193068577,-1.5521392910408947,-1.3383023937095075,-0.8434983972106412,-1.286292478289217,1.6814663633385247,-0.01866450682551076,True,False,False,True,False,False,True,True,False,False,True,False
ORD0025,"(17.731821, 80.929601)","(14.154959, 86.969719)",-0.06418663399048156,-0.09130231123769969,-0.9105019481976773,1.3137865061413834,1.1797627891079385,1.5378980049550965,-0.8527885381933479,False,False,True,False,True,False,True,True,False,False,True,False
ORD0026,"(18.407158, 83.443782)","(20.356516, 87.150792)",-1.1558209753421245,0.6391161786638978,-0.1975012056779609,1.026148519027781,0.3443017105103195,-0.033057089667646686,0.5143144587762878,True,False,False,True,False,False,False,False,False,False,False,True
ORD0027,"(21.852091, 81.820285)","(12.73781, 86.919703)",-1.2803698599258688,-1.186930046090096,0.3728993883378121,-0.41204141654023646,-1.596481768532822,1.164082988313927,-0.3351741167632862,False,False,False,False,True,False,True,False,False,False,False,False
ORD0028,"(20.974232, 80.728561)","(13.820324, 85.504206)",-0.47006946963397844,-0.09130231123769969,1.3711004278654153,-1.2749553778810467,1.0691969424230567,-0.35352739677200035,0.9714950064641852,True,False,False,False,True,False,True,True,False,False,False,True
ORD0029,"(15.605301, 84.813409)","(20.08949, 77.152126)",-0.6341809410855005,-0.8217208011392972,1.2285002793614712,-1.5625933649946497,-1.0174393556512058,-1.433689233662392,0.06805980916606949,False,True,False,True,False,False,True,False,False,False,True,False
ORD0030,"(20.091229, 80.580827)","(14.156297, 84.191408)",-0.9711955699591619,1.734743913516294,-1.3383023937095075,1.026148519027781,-1.2106775375472763,-0.04319971172757588,-0.8124992890319052,False,False,True,True,False,False,True,True,False,False,True,False
ORD0031,"(17.012613, 78.845912)","(14.558344, 77.803961)",1.846539783623669,-0.09130231123769969,-1.7661028392213372,-1.5625933649946497,0.5869416536911243,0.8817160451644424,0.2708717922329934,False,False,True,False,False,False,False,False,True,False,False,False
ORD0032,"(20.287421, 78.348979)","(18.448297, 78.690502)",0.16000135826025838,1.3695346685654952,0.3728993883378121,0.3070535512437719,-1.7342689938848026,0.4971553316381586,0.5686025148497574,True,False,False,True,False,False,True,False,False,False,False,False
ORD0033,"(18.793881, 82.333879)","(14.881524, 83.580509)",-0.38947901490332015,0.27390693371309904,-1.7661028392213372,-0.6996794036538395,-0.12283059007322428,-1.671136239832948,-0.7834773722630691,False,False,False,True,False,False,False,False,False,False,False,False
ORD0034,"(19.831199, 79.788236)","(13.444446, 79.520149)",-0.2913051882314275,1.3695346685654952,-1.1957022452055641,-1.2749553778810467,-0.0996420082456959,0.48268153583371914,0.9254013739489754,False,False,False,False,True,False,False,True,False,False,False,False
ORD0035,"(21.746569, 77.152905)","(17.186588, 86.942375)",-0.4436944117221264,-0.8217208011392972,1.513700576369358,1.601424493254987,1.2056399021618474,1.3089671463159407,-1.4455185089074556,False,False,True,False,False,False,False,True,False,False,False,True
ORD0036,"(18.214891, 82.606697)","(14.159996, 86.423698)",1.7190603370497186,-0.8217208011392972,-0.767901799693734,0.16323455768697015,-0.29926545180441894,-0.4375009974303319,-1.5424858543468605,False,False,True,False,False,True,False,False,True,False,False,False
ORD0037,"(14.850875, 78.609187)","(18.056226, 79.16055)",0.7255998223699685,-0.09130231123769969,-1.3383023937095075,1.3137865061413834,0.04419441236563999,-1.3572997558056292,1.510278355419751,False,False,False,False,True,False,True,True,False,False,False,False
ORD0038,"(14.884442, 79.422718)","(19.142611, 79.034599)",0.7534401612769233,1.3695346685654952,1.2285002793614712,0.019415564130168962,-0.1473634375139429,0.5126890771353473,-1.0596977330394017,False,True,False,True,False,True,False,False,False,True,True,False
ORD0039,"(17.690598, 83.089253)","(12.165091, 82.24713)",-0.9829178179199849,1.3695346685654952,0.23029923983386869,-0.5558604100970382,-0.3721918613199795,-1.1023635797047093,-1.4277639245312268,False,False,True,True,False,False,True,False,False,False,False,True
ORD0040,"(21.941596, 85.76634)","(20.060287, 85.547677)",-1.3433769427152924,-1.5521392910408947,-1.7661028392213372,0.3070535512437719,0.8121061439004585,-1.1589612382985839,0.8137523529676891,False,True,False,False,True,False,True,True,False,False,True,False
ORD0041,"(16.426728, 79.20455)","(19.481325, 79.353291)",-0.5316112714282991,1.0043254236146966,0.9432999823535857,-0.2682224229834347,-1.0460049999314947,-1.0028014085650812,-0.23035378208054935,False,True,False,False,True,False,False,True,False,False,True,False
ORD0042,"(12.439207, 86.374354)","(12.744838, 84.520444)",-0.37043036196698265,0.6391161786638978,1.2285002793614712,0.594691538357375,1.2009349725156822,-1.2529860860433315,0.8048750607795744,False,False,False,False,False,False,True,True,False,False,False,False
ORD0043,"(17.374095, 85.883475)","(14.740708, 87.492437)",-0.9125843301550469,1.3695346685654952,1.3711004278654153,-0.8434983972106412,0.3416131792839394,-0.09042229803902947,-0.4553589956177595,True,False,False,False,True,False,True,True,False,False,False,True
ORD0044,"(16.09293, 83.497623)","(14.216243, 82.909317)",-1.2862309839062802,-1.186930046090096,0.08769909132992527,0.594691538357375,1.0181148491218348,1.0232376041411824,0.1431753584501155,False,False,True,False,True,False,False,False,False,False,False,True
ORD0045,"(13.276315, 83.081724)","(16.065326, 82.663951)",-0.7264936437769817,0.6391161786638978,0.6580996853456988,0.16323455768697015,0.25457198082988325,1.2527898126002255,-0.26040000179416756,False,False,True,False,False,False,False,True,False,False,False,True
ORD0046,"(14.334146, 86.906413)","(15.405122, 77.677359)",0.1380221433337152,-0.8217208011392972,0.5154995368417549,-0.9873173907674431,-1.4150059107521644,-0.36081911965832775,0.618110490514242,True,False,False,True,False,False,True,False,False,True,True,False
ORD0047,"(12.628599, 87.09608)","(15.378239, 87.153181)",-1.1103972644939353,1.734743913516294,0.23029923983386869,0.45087254480057376,0.9542622324953071,0.4741288383129144,-0.8579100529172602,False,True,False,True,False,False,True,False,False,False,False,False
ORD0048,"(20.407941, 82.416335)","(19.834406, 86.147854)",-0.4788611556045955,1.734743913516294,-1.1957022452055641,-1.1311363843242448,1.443574915696487,-0.22086921022600908,-1.478296203140494,True,False,False,True,False,False,False,True,False,False,False,False
ORD0049,"(21.878381, 80.343123)","(12.233726, 78.803931)",0.6406135246540017,0.6391161786638978,-0.767901799693734,-0.12440342942663285,0.10838309539546499,-1.0400275727742263,-0.35463587271415264,False,True,False,False,True,False,True,False,False,False,True,False
ORD0050,"(15.667688, 85.451696)","(18.000511, 86.990308)",1.5842544855002538,-0.8217208011392972,1.6563007248733022,1.169967512584582,-0.3839541854353925,-0.9242554813334143,-0.2433282860477935,False,False,False,False,False,False,True,False,False,True,False,False
ORD0051,"(12.554543, 85.771326)","(20.652816, 81.058063)",0.2332654080154022,0.27390693371309904,1.2285002793614712,1.8890624803685907,-0.7741272796638059,1.0334898761693267,-0.5267187674376032,False,False,False,True,False,False,False,False,False,False,True,False
ORD0052,"(17.813093, 87.348104)","(20.923667, 83.147978)",-1.48990504222558,-1.5521392910408947,1.513700576369358,1.169967512584582,1.1895087148035666,-0.0709777036754898,-1.2314391934479247,False,False,False,True,False,True,False,True,False,False,True,False
ORD0053,"(21.578852, 83.34626)","(17.339274, 87.412689)",0.6860372355021909,-0.4565115561884984,-1.1957022452055641,1.4576054996981858,-0.8880537903816631,1.1585273899243442,1.5956369341516212,False,False,False,True,False,False,True,False,True,False,False,False
ORD0054,"(12.839898, 86.389567)","(13.807188, 84.140009)",0.10285539945124614,0.6391161786638978,-1.7661028392213372,-1.4187743714378478,-0.23339643675810648,-1.1222102239517056,0.5832841903916391,True,False,False,False,False,True,False,True,False,False,True,False
ORD0055,"(21.938144, 85.950928)","(16.471968, 87.586077)",1.9315260813396355,-0.09130231123769969,-0.4827015026858477,0.019415564130168962,-0.026715598730135376,-0.1571443036981304,0.8284340285095705,False,False,True,False,True,False,False,False,False,True,False,True
ORD0056,"(16.46274, 83.124063)","(21.308691, 82.256718)",0.11311236641696631,-1.5521392910408947,-0.3401013541819043,-0.6996794036538395,-0.08149442246763043,-0.24698417765598854,1.0421719096541742,False,True,False,False,True,False,True,False,True,False,True,False
ORD0057,"(12.151614, 83.536485)","(21.417753, 78.073953)",1.1754410878665515,0.6391161786638978,-1.0531020967016207,-0.12440342942663285,-1.8508840358290397,1.2614156100998408,-0.6540737669055537,False,True,False,False,False,True,False,False,True,False,True,False
ORD0058,"(18.143633, 82.100522)","(17.856045, 87.01613)",0.756370723267129,1.0043254236146966,-0.6253016511897911,1.4576054996981858,-0.3651344668507317,-0.42607912574122253,1.6523150304295835,False,False,True,False,True,False,True,False,False,False,True,False
ORD0059,"(20.80843, 84.140846)","(21.922618, 86.550825)",0.25377934194684254,-1.5521392910408947,-1.6235026907173937,1.3137865061413834,-1.546071808038195,0.3430240263166421,-0.7667470908316226,False,False,False,True,False,False,True,False,False,False,False,False
ORD0060,"(14.369941, 78.390423)","(16.142483, 78.662479)",0.6962942024679111,1.0043254236146966,-0.9105019481976773,-1.4187743714378478,0.5983679114032399,-0.3213451311007659,-1.2447551317300964,False,False,False,True,False,True,False,False,False,False,True,False
ORD0061,"(14.322621, 78.048464)","(18.558171, 86.580946)",-1.2847657029111774,1.3695346685654952,0.3728993883378121,-0.2682224229834347,0.2206292740968347,1.00923895819901,-1.159737987313154,False,False,True,True,False,False,True,False,False,False,False,True
ORD0062,"(21.407071, 87.17565)","(20.67778, 79.230353)",-1.5104189761570204,-0.09130231123769969,-1.3383023937095075,1.026148519027781,1.4086240097535454,-0.5504221896975423,0.3039909207809593,True,False,False,True,False,False,False,False,True,False,False,True
ORD0063,"(13.690148, 80.640997)","(15.781756, 85.254477)",-1.4737869512794486,-0.8217208011392972,0.8006998338496417,-1.2749553778810467,1.5168373916153448,-0.23870560505572216,-1.2768499573332799,False,False,False,True,False,False,True,False,False,False,False,True
ORD0064,"(16.879577, 87.630526)","(13.978662, 79.021404)",0.649405210624619,1.0043254236146966,-0.6253016511897911,0.16323455768697015,0.0704075918228461,1.1538307162857824,0.7359053291642232,False,True,False,False,False,True,False,True,False,False,True,False
ORD0065,"(19.205708, 82.751826)","(18.260038, 86.506433)",-0.008505956176572413,0.27390693371309904,-0.0549010571740175,-0.6996794036538395,0.4158838544126902,-1.5737670680576288,-1.116034395002436,True,False,False,False,True,True,False,True,False,False,False,True
ORD0066,"(21.722421, 86.686697)","(16.64932, 87.883971)",-0.04660326204924716,1.0043254236146966,0.9432999823535857,-1.1311363843242448,0.4938512599777132,-1.4769644211180897,1.5669564516977132,True,False,False,False,False,True,False,False,False,True,True,False
ORD0067,"(17.741606, 82.836676)","(13.045647, 78.023608)",1.9637622632318987,-0.8217208011392972,1.2285002793614712,1.169967512584582,-0.12283059007322428,1.401255869563944,-1.075403711526066,False,True,False,False,True,True,False,True,False,False,False,True
ORD0068,"(18.131959, 82.591629)","(17.944584, 77.124149)",0.1746541682112871,1.734743913516294,1.2285002793614712,-1.4187743714378478,0.049907541221697785,0.22721538488642473,-0.4536518240431222,False,True,False,False,True,False,False,True,False,False,False,False
ORD0069,"(17.570105, 86.216081)","(14.92959, 85.928692)",-1.2276197441021655,-0.8217208011392972,-0.0549010571740175,0.594691538357375,-0.570134972862215,0.5394802193693222,1.2791273242138461,True,False,False,False,False,True,False,True,False,False,False,False
ORD0070,"(16.032865, 82.008362)","(19.765919, 78.907022)",-0.37482620495229146,-1.186930046090096,0.6580996853456988,-0.2682224229834347,0.0811617167283663,-1.0007363341636903,-1.3594770615457306,False,False,True,True,False,False,False,False,False,True,False,False
ORD0071,"(15.963105, 82.053527)","(13.993396, 83.135677)",1.6619143782407064,-1.186930046090096,-1.4809025422134503,0.8823295254709785,1.5064193331131217,0.728132989684003,-1.4591758815045548,False,True,False,True,False,True,False,False,True,False,False,False
ORD0072,"(12.097594, 78.076413)","(19.994171, 78.614499)",0.4984812681290228,1.0043254236146966,-1.3383023937095075,0.3070535512437719,0.12014541951087779,1.6044007106777667,1.4993524573420718,True,False,False,False,False,True,False,True,False,False,False,False
ORD0073,"(17.091127, 82.038006)","(17.372605, 87.820444)",1.5534835846030939,-1.5521392910408947,0.5154995368417549,0.16323455768697015,-0.16551102329200887,-1.3152855429844095,1.2210834906761743,True,False,False,False,False,False,True,False,True,False,True,False
ORD0074,"(16.734343, 79.574419)","(19.049631, 77.131806)",1.05235748427791,-1.5521392910408947,-0.1975012056779609,-0.5558604100970382,0.7092698244914193,-0.9085389858891999,0.44807620168035645,False,False,True,False,False,False,True,False,False,True,False,False
ORD0075,"(15.450302, 81.048616)","(12.313686, 81.756209)",-0.5711738582960768,0.27390693371309904,-0.767901799693734,1.169967512584582,-0.027723797940027953,-1.509365986725755,1.2480568015554454,True,False,False,True,False,False,True,False,False,False,True,False
ORD0076,"(12.215745, 78.482179)","(19.931184, 79.451584)",-1.3492380666957038,1.0043254236146966,1.0859001308575285,1.3137865061413834,0.29758848045196507,-0.6843413508780111,-1.5465830661259903,False,False,True,False,True,False,True,False,False,False,False,True
ORD0077,"(17.981471, 86.95142)","(18.781496, 85.251288)",-0.6971880238749241,-1.186930046090096,-0.767901799693734,-0.9873173907674431,0.28885075396623,-1.37888252454937,-1.3601599301755853,True,False,False,True,False,True,False,False,False,False,True,False
ORD0078,"(13.175292, 87.081743)","(17.005465, 80.652715)",0.71094701241894,0.6391161786638978,0.9432999823535857,-0.9873173907674431,1.146156148778187,0.2968248397085328,-0.535937493940645,True,False,False,False,True,True,False,False,True,False,False,False
ORD0079,"(12.123307, 84.813429)","(17.537451, 84.858854)",0.07648034153939441,0.27390693371309904,-0.4827015026858477,-0.9873173907674431,-0.34665081466936853,0.6758299548452333,1.7397222150510185,False,False,True,False,True,True,False,False,True,False,False,False
ORD0080,"(21.46076, 79.294489)","(17.241296, 79.143973)",1.869984279545315,0.6391161786638978,1.2285002793614712,-1.2749553778810467,-0.6205449333568421,-0.02993206557350673,1.293808999755728,False,True,False,False,False,False,False,False,False,False,False,False
ORD0081,"(13.362809, 81.139969)","(18.988702, 85.352561)",-1.6027316788485015,-1.186930046090096,0.5154995368417549,1.7452434868117894,-1.8152609970795033,1.0561508696005197,-0.11870476109926281,False,False,True,False,True,True,False,False,False,True,True,False
ORD0082,"(14.668125, 79.410968)","(18.396521, 80.921505)",0.3797935075256898,0.6391161786638978,0.08769909132992527,-1.5625933649946497,-0.1100600667479189,-0.01849191888969486,1.4355042404506326,True,False,False,False,True,True,False,False,False,True,False,False
ORD0083,"(21.047258, 87.456557)","(15.704977, 78.651575)",-0.27958294027060443,-0.8217208011392972,1.6563007248733022,0.7385105319141774,-1.8572692974916925,-1.4731449472252514,1.2477153672405177,True,False,False,False,False,False,False,False,False,True,False,False
ORD0084,"(12.929956, 78.21257)","(18.693339, 84.602388)",1.5007334687793898,0.6391161786638978,0.08769909132992527,-1.2749553778810467,1.438197853243727,1.341149411987175,0.47163516941035255,False,True,False,False,True,False,False,True,False,False,True,False
ORD0085,"(20.647159, 78.225933)","(13.209912, 82.039972)",-0.3411247420649252,-0.09130231123769969,1.798900873377245,-0.8434983972106412,1.6233704414606567,-1.4795960203552603,-1.3386495683351538,True,False,False,True,False,False,False,True,False,False,False,False
ORD0086,"(21.402659, 79.959544)","(17.40514, 82.424215)",-0.556521048345048,1.3695346685654952,1.3711004278654153,0.16323455768697015,-1.6872196974231506,0.6374707409645286,-0.9743391543075314,False,True,False,True,False,False,True,True,False,False,True,False
ORD0087,"(12.396437, 78.148824)","(12.352906, 85.095338)",0.18051529219169873,-1.5521392910408947,-1.7661028392213372,0.16323455768697015,1.6052228556825912,-0.609066647698105,-1.4905878384778832,False,False,False,False,True,False,True,False,False,True,True,False
ORD0088,"(13.290933, 81.032454)","(16.618421, 86.599879)",-0.4392985687368179,-1.186930046090096,-1.6235026907173937,0.594691538357375,1.2587383938828545,0.9264349572016431,-0.04632068633463683,True,False,False,False,True,False,True,False,False,True,True,False
ORD0089,"(14.485949, 77.200453)","(17.647837, 85.282537)",-0.2195064194713865,-0.4565115561884984,1.0859001308575285,-0.6996794036538395,1.3165418152500268,-1.329741063794146,-1.5479488033857,False,False,False,False,False,False,False,True,False,False,False,False
ORD0090,"(20.351571, 85.936744)","(12.745319, 79.871156)",-1.374147843612453,-1.5521392910408947,-0.1975012056779609,-0.9873173907674431,-1.5927850380965491,-1.0059264326592217,-1.1440320088264897,False,False,False,True,False,False,True,False,False,False,False,True
ORD0091,"(14.951015, 78.976781)","(17.992389, 80.410493)",-0.792431288556611,0.27390693371309904,0.8006998338496417,-0.9873173907674431,-0.9673654615598762,-0.6006601501349207,1.3559500450725295,False,False,False,True,False,True,False,False,False,False,False,True
ORD0092,"(14.269461, 80.239348)","(18.8041, 85.796332)",-1.2085710911658278,-0.09130231123769969,0.5154995368417549,0.019415564130168962,0.24045719189138812,-1.2001713513528902,-0.6667068365578706,False,True,False,True,False,False,True,False,False,False,True,False
ORD0093,"(16.580299, 78.12065)","(13.520291, 82.49965)",-1.3580297526663212,-1.186930046090096,0.23029923983386869,-1.5625933649946497,0.7176714845738572,0.32060060781658273,-0.6885586327132294,True,False,False,True,False,True,False,False,False,False,False,False
ORD0094,"(19.42553, 79.177903)","(12.655972, 85.639259)",-0.46274306465846393,-0.8217208011392972,-0.3401013541819043,-0.41204141654023646,-1.2328579201649121,-0.5792966813276106,1.4949138112480147,False,False,True,False,True,True,False,False,False,False,False,True
ORD0095,"(18.038568, 84.144053)","(13.219121, 82.828937)",0.2845502428440028,-0.09130231123769969,0.23029923983386869,-1.1311363843242448,-1.6563015883197794,1.737826447001266,-0.026176061753915313,False,True,False,False,True,False,True,False,True,False,False,False
ORD0096,"(19.486415, 78.557736)","(16.8342, 83.728159)",1.5608099895786078,-1.5521392910408947,0.08769909132992527,1.3137865061413834,0.6964993011661139,0.933050505283975,-0.23445099385967905,False,False,True,True,False,False,False,False,False,True,False,True
ORD0097,"(12.021992, 84.862769)","(13.966486, 77.264234)",0.12190405238758364,0.6391161786638978,1.513700576369358,-1.4187743714378478,0.22701453575948738,-1.6889543596679584,0.6205005307187347,False,False,True,True,False,False,False,False,False,True,False,False
ORD0098,"(18.068685, 82.245599)","(15.166493, 79.726667)",1.2824066005090615,-1.5521392910408947,1.3711004278654153,1.8890624803685907,-0.08754361772698543,-0.020027018444711,0.06430403170186721,False,True,False,True,False,False,True,False,True,False,False,True
ORD0099,"(20.095563, 85.38305)","(19.327674, 81.556919)",1.075801980199556,-1.186930046090096,0.8006998338496417,1.601424493254987,0.3516951713828647,-1.3641894288085,0.5245574882241121,False,False,True,False,False,False,True,False,True,False,False,False
ORD0100,"(13.245465, 86.909466)","(15.021761, 87.069326)",-0.20338832852525496,-0.09130231123769969,0.23029923983386869,0.45087254480057376,1.0117295874591816,-1.4554364773584563,-0.7667470908316226,True,False,False,True,False,True,False,False,False,False,True,False
ORD0101,"(17.357117, 82.942175)","(13.969167, 79.186762)",-0.9389593880668987,0.27390693371309904,0.08769909132992527,-1.5625933649946497,-0.4834298408114566,-0.3245067051843114,-0.3215167441661867,True,False,False,False,False,False,True,False,False,True,False,True
ORD0102,"(19.11305, 87.619916)","(21.990214, 86.925957)",-0.3000968742020448,-1.186930046090096,0.08769909132992527,0.45087254480057376,0.7001960316023866,-0.5387444680825968,1.7670369602452174,False,False,False,False,True,True,False,True,False,False,True,False
ORD0103,"(17.928196, 83.588991)","(20.916119, 82.187327)",0.22447372204478486,0.6391161786638978,1.513700576369358,0.594691538357375,-0.8571356812782918,1.6635203185405965,1.512326961309316,False,False,False,False,True,True,False,False,False,True,True,False
ORD0104,"(12.906973, 78.121968)","(21.745007, 86.139016)",0.01054269675976509,-1.186930046090096,-0.0549010571740175,1.169967512584582,-1.6065637606317473,0.9086168373666326,-0.5311574135316605,True,False,False,False,False,False,False,False,False,False,True,False
ORD0105,"(17.459726, 81.031916)","(16.77123, 79.15117)",0.09699427547083476,-0.4565115561884984,0.5154995368417549,0.45087254480057376,1.422738798692041,0.09523337314442877,1.4098966668310715,False,True,False,False,True,True,False,False,True,False,False,True
ORD0106,"(20.302399, 78.304548)","(16.455523, 83.91901)",-0.9404246690620015,1.0043254236146966,0.3728993883378121,1.8890624803685907,0.871925963687416,0.47113173918169193,0.2305825430715506,True,False,False,True,False,True,False,False,False,True,False,False
ORD0107,"(19.001364, 82.216913)","(19.34114, 85.781167)",1.503664030769596,1.0043254236146966,-0.767901799693734,-1.5625933649946497,1.6526082185475406,-0.5135067003983409,0.8704304492456509,False,False,True,True,False,False,False,False,False,False,False,False
ORD0108,"(20.277756, 82.670628)","(18.021436, 79.252727)",1.219399517719638,0.6391161786638978,0.08769909132992527,-1.5625933649946497,-1.7339329274815052,-1.1860082304583945,-0.22113505557750726,False,False,True,False,True,False,False,False,True,False,False,False
ORD0109,"(19.039561, 82.29819)","(17.166845, 79.763063)",-1.4254326784410536,1.734743913516294,-0.3401013541819043,0.3070535512437719,0.2041620203352562,-0.8864262422990842,0.8270682912498609,False,False,True,False,True,True,False,False,False,False,True,False
ORD0110,"(14.436361, 81.784262)","(17.794404, 82.997255)",-1.4356896454067738,1.734743913516294,1.2285002793614712,-1.5625933649946497,-0.29960151820771663,-1.057626392672806,-0.34849005504545794,True,False,False,True,False,False,False,False,False,True,False,False
ORD0111,"(18.443716, 78.904846)","(19.453432, 82.20258)",-0.8935356772187094,-0.4565115561884984,1.0859001308575285,1.4576054996981858,1.0607952823406188,-0.2730077701124552,0.5761140697781619,False,False,True,True,False,False,True,False,False,True,False,False
ORD0112,"(18.638164, 85.11371)","(13.676438, 80.227294)",0.41496025140815884,1.734743913516294,-1.7661028392213372,-1.5625933649946497,-0.054273043800531745,0.8438502561407071,1.0537806763617086,False,False,False,False,True,False,False,False,True,False,True,False
ORD0113,"(21.751239, 78.04432)","(21.615936, 82.137932)",1.8978246184522694,1.0043254236146966,1.3711004278654153,0.8823295254709785,0.5479579509086129,-1.5038286633308746,-1.5158539777825168,True,False,False,False,False,False,True,False,False,True,False,True
ORD0114,"(21.139317, 83.247471)","(12.393067, 85.842775)",0.5673494748988579,-0.09130231123769969,0.08769909132992527,0.019415564130168962,-0.42730675146077174,0.16169952887769387,-1.0863296096037451,False,True,False,False,True,False,False,True,False,False,False,True
ORD0115,"(20.666223, 82.834515)","(15.495926, 85.850249)",-1.6085928028289131,0.27390693371309904,-0.0549010571740175,-0.5558604100970382,-0.5130036843016379,-0.35502594633761136,0.5692853834796122,True,False,False,False,False,False,True,False,False,True,False,False
ORD0116,"(21.753675, 85.07091)","(18.418958, 80.989103)",0.47796733419758247,-0.8217208011392972,-1.4809025422134503,-1.4187743714378478,-0.2253308430789661,-1.0844723598908885,0.25653155100603936,False,False,True,True,False,True,False,False,False,True,False,False
ORD0117,"(16.044164, 81.042023)","(19.725197, 85.023342)",-0.3411247420649252,0.27390693371309904,-1.0531020967016207,-0.6996794036538395,1.2446236049443589,0.015225446336555912,-1.00301963676144,False,True,False,True,False,False,False,False,True,False,False,False
ORD0118,"(16.238579, 82.385593)","(12.318846, 81.789059)",0.29041136682441443,-1.186930046090096,-0.3401013541819043,0.7385105319141774,0.7371633359651134,0.44578432152922076,1.145626507077201,False,False,False,False,True,True,False,False,False,False,True,False
ORD0119,"(20.983462, 77.096783)","(12.456291, 81.308049)",0.9790934345227661,-0.8217208011392972,-0.1975012056779609,1.7452434868117894,0.8100897454806735,0.11102296856745365,-0.5414004429794849,False,False,True,True,False,False,True,True,False,False,False,True
ORD0120,"(14.287338, 80.044069)","(18.165321, 79.353856)",1.4157471710634233,-0.09130231123769969,1.0859001308575285,-0.9873173907674431,1.2745335148378376,1.2040686767231608,1.8138134613902819,False,True,False,True,False,False,True,False,False,False,False,False
ORD0121,"(17.814519, 83.281902)","(21.748801, 78.560796)",-0.5008403705311387,-0.09130231123769969,0.6580996853456988,0.7385105319141774,0.5015807872535561,1.6666453426347367,0.14795543885910026,False,False,False,False,True,True,False,False,False,True,False,False
ORD0122,"(21.156634, 80.556935)","(12.349095, 85.310478)",1.474358410867538,-0.09130231123769969,-0.3401013541819043,-1.2749553778810467,-0.6833893507734774,1.1089107793068533,-1.4574687099299175,False,False,True,True,False,False,True,False,False,True,False,True
ORD0123,"(18.383287, 85.635688)","(13.553503, 87.773861)",-0.2751870972852959,1.3695346685654952,-0.0549010571740175,-0.8434983972106412,1.33771399865777,-1.5315152803052756,-1.0129212318943368,False,False,True,False,True,False,False,False,False,True,False,False
ORD0124,"(13.965938, 87.001634)","(16.4162, 77.01058)",1.3175733443915303,-0.4565115561884984,0.23029923983386869,-1.1311363843242448,0.5570317437976456,0.200680092578286,1.7772799896930418,False,False,False,True,False,False,False,False,True,False,True,False
ORD0125,"(15.797555, 79.369911)","(12.110201, 80.261562)",1.5857197664953568,-1.186930046090096,-1.1957022452055641,-0.5558604100970382,-1.4062681842664293,1.3316829647312416,0.029136297264336593,True,False,False,False,False,True,False,False,False,False,False,False
ORD0126,"(18.645129, 83.470304)","(14.221925, 78.069703)",0.3094600197607517,0.6391161786638978,1.6563007248733022,1.026148519027781,-1.0046688323259003,0.36131729601391954,-1.3219192869037075,True,False,False,True,False,False,False,True,False,False,False,True
ORD0127,"(20.426945, 83.95039)","(17.153309, 86.106388)",1.3586012122544109,-1.186930046090096,0.23029923983386869,0.16323455768697015,-0.40210177121345825,-0.03451908924385301,1.4283341198371557,False,False,True,False,True,False,True,False,True,False,False,True
ORD0128,"(12.776104, 77.018445)","(18.657911, 78.408433)",-0.5213543044625789,1.0043254236146966,-1.3383023937095075,0.3070535512437719,-1.2093332719340861,1.0943456085289012,1.033636051780987,False,False,True,False,True,True,False,True,False,False,False,True
ORD0129,"(18.315683, 82.648086)","(15.079457, 80.472343)",0.9629753435766345,-1.5521392910408947,1.6563007248733022,-0.41204141654023646,-1.7984576769146274,0.22312178607304795,0.3736435210261655,False,False,True,False,True,False,False,False,True,False,False,True
ORD0130,"(18.473966, 86.109857)","(20.082991, 83.118426)",-1.0092928758318367,0.6391161786638978,-1.6235026907173937,-0.6996794036538395,1.4378617868404293,1.4637380764520478,0.9462288671595517,False,False,True,True,False,False,False,False,False,False,False,False
ORD0131,"(14.52999, 78.36249)","(21.427779, 83.34836)",-1.491370323220683,0.27390693371309904,0.5154995368417549,1.169967512584582,0.07208792383933357,1.3675385043376933,0.028453428634481765,False,True,False,True,False,True,False,True,False,False,False,True
ORD0132,"(13.429301, 78.290829)","(13.951955, 81.113552)",1.0860589471652762,-0.4565115561884984,1.0859001308575285,0.7385105319141774,-1.2788990174166717,0.907264487758642,-0.8333267822424815,False,True,False,True,False,False,False,True,False,False,True,False
ORD0133,"(15.63891, 87.704574)","(19.793578, 86.875378)",-1.491370323220683,-0.09130231123769969,-1.3383023937095075,0.45087254480057376,1.4620585678778502,0.30881323623342183,0.2937478913331347,False,False,True,False,False,False,True,False,False,True,False,False
ORD0134,"(20.904703, 87.050614)","(20.954014, 83.871249)",0.9527183766109144,1.734743913516294,1.798900873377245,1.026148519027781,-1.1380871944350133,0.49892800612430843,1.3320496430276056,False,False,False,True,False,False,False,True,False,False,False,False
ORD0135,"(21.145765, 81.740436)","(18.712736, 86.41711)",0.20542506910844763,1.734743913516294,-0.6253016511897911,1.026148519027781,0.11174375942843995,1.6666818926241418,-1.356404152711383,False,False,True,True,False,True,False,False,False,False,True,False
ORD0136,"(14.203475, 77.819664)","(14.32718, 78.646128)",1.6238170723680314,1.0043254236146966,0.5154995368417549,1.3137865061413834,0.3103590037772709,-0.8144044881762366,-0.3023964225302479,False,False,False,True,False,False,True,False,False,True,False,False
ORD0137,"(12.878906, 81.691649)","(15.131849, 86.018899)",0.5629536319135493,-1.186930046090096,0.8006998338496417,0.16323455768697015,-1.5779981163514587,-0.17607719820999804,1.7864987161960835,True,False,False,False,False,True,False,False,False,True,True,False
ORD0138,"(20.664072, 79.015535)","(16.511111, 85.649124)",-0.27225653529509,-0.8217208011392972,-1.6235026907173937,0.019415564130168962,1.2990663622785563,1.246448389438432,0.3162825561183486,False,False,True,False,False,True,False,False,False,False,False,False
ORD0139,"(17.597781, 86.897815)","(18.086547, 80.911213)",-0.1579646176770657,1.0043254236146966,0.23029923983386869,-1.1311363843242448,1.51885379003513,-1.1068592284015428,0.812386615707979,True,False,False,True,False,False,True,False,True,False,False,True
ORD0140,"(14.082501, 79.313765)","(15.887518, 79.672521)",0.16586248224067002,-1.186930046090096,0.08769909132992527,-0.6996794036538395,-1.390473063311446,-1.517882134257155,1.5474946957468465,False,True,False,False,True,False,True,False,False,False,True,False
ORD0141,"(19.592541, 86.682688)","(18.441672, 82.959893)",0.17611944920638994,-1.186930046090096,1.513700576369358,1.4576054996981858,-0.003190950499309321,1.0228538292524283,-0.6212960726725154,False,False,True,False,True,True,False,False,False,True,True,False
ORD0142,"(13.140203, 84.190237)","(16.521642, 87.436243)",0.2156820360741678,-0.09130231123769969,0.3728993883378121,1.026148519027781,1.5437227038791463,-0.8989628886650506,-1.5476073690707728,True,False,False,False,False,True,False,False,True,False,True,False
ORD0143,"(17.885866, 87.2673)","(19.496469, 82.318768)",0.7812805001838776,1.0043254236146966,0.08769909132992527,-1.1311363843242448,-0.27473260436370056,0.443189272281455,-0.36897611394110663,False,False,False,False,False,False,True,True,False,False,False,True
ORD0144,"(14.634619, 86.733493)","(18.593321, 79.160326)",-0.45395137868784663,-1.5521392910408947,0.3728993883378121,-1.5625933649946497,0.9109096664699275,-1.51614600976041,0.05371956793911522,True,False,False,False,True,False,True,False,True,False,False,True
ORD0145,"(19.487205, 80.932031)","(21.748834, 87.515253)",-0.8993968011991209,-0.4565115561884984,-0.767901799693734,0.3070535512437719,0.34026891367074963,-0.5233569225430288,0.7253208654014712,False,True,False,True,False,True,False,False,True,False,False,True
ORD0146,"(17.440649, 78.890867)","(13.898466, 85.362821)",0.3988421604620273,-0.09130231123769969,-0.767901799693734,-1.4187743714378478,0.9892131384382487,-0.8529830019933722,0.4784638557089023,False,True,False,False,True,False,True,False,False,False,True,False
ORD0147,"(12.119879, 80.70229)","(14.739014, 80.154465)",-1.5250717861080492,-0.8217208011392972,0.9432999823535857,0.7385105319141774,0.8742784285104989,-0.28411896689162086,0.1609299428263444,False,False,False,False,True,False,True,True,False,False,False,True
ORD0148,"(17.323192, 86.8108)","(14.477986, 83.355221)",-1.419571554460642,-0.8217208011392972,-1.1957022452055641,-1.4187743714378478,-1.7416624547573478,0.20822766539044965,-1.3792802518115244,False,False,False,False,False,False,True,False,False,False,True,False
ORD0149,"(12.929482, 87.104639)","(20.417446, 84.879964)",-0.6459031890463235,0.6391161786638978,1.513700576369358,-0.8434983972106412,-0.812102783236425,-1.1370495196501966,-1.5158539777825168,False,False,True,False,False,False,True,False,False,False,False,True
ORD0150,"(14.51671, 81.25014)","(15.541507, 79.255162)",1.1666494018959344,-0.09130231123769969,1.0859001308575285,-0.8434983972106412,1.1222954341440639,0.31902895827216105,-0.10846173165143846,False,False,True,False,True,False,True,False,False,True,False,False
ORD0151,"(16.979702, 86.130781)","(17.040384, 78.93715)",-0.1242631547896995,-1.186930046090096,-0.4827015026858477,0.3070535512437719,0.5963515129834548,0.8643548001969962,0.9257428082639031,False,False,False,False,False,True,False,False,True,False,False,True
ORD0152,"(21.899732, 84.177465)","(20.872473, 81.010938)",-0.30156215519714763,-0.8217208011392972,-0.9105019481976773,-1.2749553778810467,-0.7032172685680306,-1.2133110725440417,0.18005026446228345,False,False,True,False,True,True,False,True,False,False,False,True
ORD0153,"(12.134275, 82.230408)","(17.323721, 81.726311)",-0.4099929488347605,-1.5521392910408947,0.6580996853456988,1.601424493254987,0.9912295368580334,0.9791217669291664,1.2654699516167471,True,False,False,False,True,True,False,False,False,True,False,True
ORD0154,"(17.072037, 77.849051)","(16.847879, 85.580386)",-0.10814506384356795,0.27390693371309904,-1.3383023937095075,-0.6996794036538395,0.2737277658178418,1.5291991074766709,1.2262050054000866,True,False,False,False,True,False,False,False,True,False,True,False
ORD0155,"(14.502324, 83.143119)","(14.676113, 86.943648)",0.664058020575648,-0.8217208011392972,0.5154995368417549,-1.2749553778810467,0.9475409044293567,0.24633102934531814,0.06191399149737484,False,False,False,True,False,True,False,False,True,False,False,False
ORD0156,"(14.107859, 85.117905)","(18.193135, 85.990779)",0.49115486315350837,-1.5521392910408947,-0.3401013541819043,-1.1311363843242448,-1.2745301541738039,1.5966155629344698,-0.4758450545134084,True,False,False,True,False,True,False,True,False,False,False,True
ORD0157,"(16.150712, 81.29193)","(21.834046, 82.035418)",-0.5316112714282991,-0.09130231123769969,0.08769909132992527,0.019415564130168962,-1.6398343345582012,0.04462991281299919,0.7847304361988529,False,False,False,False,False,True,False,False,False,True,True,False
ORD0158,"(20.197718, 80.603484)","(15.466033, 78.324377)",-0.2370897914126209,1.3695346685654952,-1.0531020967016207,0.8823295254709785,-1.613621155100995,1.0578687191025615,-1.0142869691540466,False,False,True,True,False,True,False,False,False,False,True,False
ORD0159,"(19.537173, 87.663414)","(15.946469, 85.2729)",0.38418935051099834,1.0043254236146966,1.0859001308575285,0.7385105319141774,0.8450406514236151,1.5681248461931554,-1.3181635094395052,False,True,False,False,False,True,False,False,False,False,True,False
ORD0160,"(20.28457, 82.704094)","(18.180192, 79.767254)",1.8011160727754796,0.27390693371309904,-0.3401013541819043,1.4576054996981858,-1.4795306601852871,-1.530254305670798,-1.055600521260272,False,False,True,True,False,True,False,False,False,True,False,False
ORD0161,"(12.791817, 84.30232)","(20.556468, 86.535114)",-0.20338832852525496,-0.8217208011392972,-0.6253016511897911,-0.9873173907674431,-0.34631474826607106,-1.6711545148276505,0.49929134891947863,False,True,False,False,False,False,True,True,False,False,False,False
ORD0162,"(16.545755, 80.744197)","(21.856855, 83.395049)",-0.6810699329287925,-0.8217208011392972,0.08769909132992527,1.4576054996981858,1.2973860302620683,1.4713952992324266,-0.31366375492285475,True,False,False,True,False,False,True,True,False,False,False,False
ORD0163,"(13.496815, 86.400216)","(16.454118, 87.057465)",1.823095287702023,-0.09130231123769969,1.513700576369358,1.3137865061413834,-1.2624317636550932,-0.7199958655427348,-0.30171355390039284,False,False,False,True,False,False,False,False,True,False,False,False
ORD0164,"(13.143056, 78.21158)","(14.303098, 87.047958)",1.427469419024246,-0.8217208011392972,-0.1975012056779609,0.16323455768697015,-1.0523902615941472,0.3590329216760977,0.04962235615998553,False,False,False,False,False,True,False,True,False,False,True,False
ORD0165,"(21.434125, 85.575853)","(18.373542, 78.178511)",-0.48032643659969837,0.27390693371309904,-1.4809025422134503,1.169967512584582,1.1041478483659979,1.3063903720628776,-0.7117761661282981,True,False,False,False,True,False,False,False,False,False,False,True
ORD0166,"(12.166759, 84.946467)","(18.906284, 81.043957)",-0.43343744475640655,-0.09130231123769969,-1.7661028392213372,-1.1311363843242448,0.2754080978343293,-0.8728661962297737,1.34365840973514,False,True,False,False,True,False,True,True,False,False,False,True
ORD0167,"(18.298413, 81.48559)","(21.239981, 80.410354)",-0.3850831719180116,-0.09130231123769969,-0.4827015026858477,0.45087254480057376,-1.6179900183438627,-1.667992940744105,-0.24230398310301102,False,False,True,True,False,False,False,True,False,False,False,True
ORD0168,"(20.093991, 77.557169)","(15.361076, 77.773152)",-1.4225021164508476,-1.186930046090096,-0.4827015026858477,-0.6996794036538395,-0.08687148492039054,1.7026836321882144,0.12303073386939399,False,False,True,True,False,True,False,False,False,True,True,False
ORD0169,"(12.184481, 78.571935)","(15.448233, 87.322424)",1.7205256180448212,1.0043254236146966,0.08769909132992527,-0.2682224229834347,-1.0231524845072637,-0.201698740783008,-1.4270810559013718,False,True,False,True,False,False,False,False,True,False,True,False
ORD0170,"(18.598996, 86.776024)","(21.6533, 87.095368)",-1.0503207436947173,-0.8217208011392972,-0.3401013541819043,1.169967512584582,-0.02402706750375532,0.41866422939059933,-1.1546164725892414,True,False,False,True,False,False,False,False,False,False,False,True
ORD0171,"(12.677288, 78.720236)","(13.002898, 83.304578)",-1.3931964965487902,-0.09130231123769969,-0.9105019481976773,-0.8434983972106412,1.4714684271701806,1.0687788909399987,0.5132901558315053,False,True,False,False,False,False,False,False,False,False,True,False
ORD0172,"(15.377983, 79.255275)","(21.49081, 77.574597)",0.23766125100071073,0.27390693371309904,-0.1975012056779609,-1.5625933649946497,0.13157167722299337,0.38151116516026473,-0.40380241406370987,False,False,True,True,False,False,True,True,False,False,False,False
ORD0173,"(18.387832, 87.273872)","(17.503424, 77.504882)",-0.8188063464684628,-0.4565115561884984,0.08769909132992527,0.3070535512437719,-0.2122242533503628,1.424830612730266,1.445064401268602,False,False,True,False,False,True,False,False,False,False,False,True
ORD0174,"(14.643992, 87.6362)","(13.218537, 84.461725)",1.5886503284855626,1.3695346685654952,-1.3383023937095075,1.4576054996981858,0.4189084520423675,0.8032797679009908,-1.541461551402078,True,False,False,True,False,True,False,False,False,False,False,True
ORD0175,"(14.574055, 85.527795)","(17.782054, 85.624903)",-1.406384025504716,1.3695346685654952,-1.1957022452055641,0.7385105319141774,0.7630404490190218,-0.4968399052295926,0.28691920503458523,True,False,False,False,True,False,False,False,True,False,True,False
ORD0176,"(17.182709, 87.525208)","(13.911681, 79.685464)",-0.6034100401883401,1.0043254236146966,0.8006998338496417,0.8823295254709785,-0.6880942804196423,0.4244756777060183,-1.413082248989345,False,True,False,False,True,True,False,True,False,False,False,True
ORD0177,"(14.973994, 85.806414)","(14.300498, 82.465042)",-0.9096537681648411,1.0043254236146966,-0.0549010571740175,1.169967512584582,-0.7472419674000049,1.3868551737383148,-1.2283662846135774,False,True,False,True,False,False,False,False,False,False,False,True
ORD0178,"(20.881705, 84.488008)","(15.892642, 84.329409)",0.8706626408851535,0.6391161786638978,1.3711004278654153,-1.1311363843242448,1.3672878421479515,0.5972292026294588,1.2644456486719646,False,False,False,False,True,True,False,True,False,False,True,False
ORD0179,"(16.269274, 79.144391)","(16.964307, 86.495532)",-0.32061080813348486,1.0043254236146966,-0.6253016511897911,-0.5558604100970382,0.32312952710257625,1.4664245006733263,1.451210218937297,False,True,False,False,False,True,False,False,False,False,False,True
ORD0180,"(21.650926, 84.2105)","(12.159673, 82.788761)",-0.9169801731403555,0.27390693371309904,-1.7661028392213372,-1.1311363843242448,0.8930981470951593,-0.09553929655575036,-0.9804849719762261,False,False,False,True,False,False,False,True,False,False,True,False
ORD0181,"(14.625182, 86.23251)","(14.339907, 83.154075)",-0.6312503790952946,1.0043254236146966,0.8006998338496417,-0.8434983972106412,0.4652856156974247,-0.5096689515108002,-1.1778340060043104,True,False,False,True,False,False,False,True,False,False,False,True
ORD0182,"(17.456111, 86.790905)","(13.723872, 81.030834)",-1.3243282897789552,0.6391161786638978,-0.6253016511897911,1.026148519027781,1.4691159623470977,0.4980873563679899,0.24662995587314243,False,False,False,False,True,True,False,False,False,False,False,True
ORD0183,"(21.471948, 87.230396)","(15.947534, 87.383889)",1.0728714182093502,-1.186930046090096,1.2285002793614712,0.45087254480057376,-0.46091339179052315,0.11506174239672277,-0.660561018889176,True,False,False,False,True,False,False,False,False,True,False,False
ORD0184,"(14.965888, 81.906201)","(14.940091, 84.55996)",-0.015832361152086638,-1.186930046090096,-0.3401013541819043,0.45087254480057376,1.0009754625536615,-0.4964926803302438,-1.5175611493571544,False,False,True,True,False,True,False,False,False,True,False,False
ORD0185,"(14.035437, 80.510094)","(16.222415, 85.337904)",-0.6034100401883401,1.0043254236146966,-0.6253016511897911,0.16323455768697015,-1.3444319660596868,0.6496784374258487,-0.5246701615480382,False,False,True,True,False,False,False,False,True,False,False,True
ORD0186,"(20.773298, 79.778064)","(13.79002, 83.576672)",-1.2085710911658278,-0.8217208011392972,1.6563007248733022,0.8823295254709785,0.6289499541033136,0.9908725885229221,0.6259634797575743,True,False,False,True,False,False,True,False,False,False,False,False
ORD0187,"(19.403962, 83.292579)","(14.554876, 82.437211)",-1.1631473803176386,-1.186930046090096,0.3728993883378121,0.019415564130168962,-1.103808421298667,-0.735547886034626,1.647876384335526,False,True,False,True,False,True,False,True,False,False,False,False
ORD0188,"(21.04265, 83.613264)","(21.284686, 83.488263)",-0.7177019578063645,0.27390693371309904,1.0859001308575285,-0.41204141654023646,1.2147136950508801,-1.583599015207614,-0.0435892118152168,False,False,True,False,True,False,False,False,False,True,False,True
ORD0189,"(12.094598, 84.480602)","(12.500315, 80.8749)",1.8128383207363028,1.0043254236146966,-1.1957022452055641,-1.5625933649946497,0.1497192630010593,1.066969666464444,0.03323350904346652,True,False,False,True,False,False,False,False,False,False,False,False
ORD0190,"(14.418136, 81.056051)","(15.882562, 86.681126)",-0.13745068374562536,-1.186930046090096,-0.1975012056779609,-0.41204141654023646,1.1733775274452858,1.3171177939532892,0.20634070671169938,True,False,False,True,False,True,False,False,False,False,True,False
ORD0191,"(13.403093, 81.228431)","(14.771298, 77.33628)",0.565884193903755,-1.5521392910408947,1.513700576369358,1.601424493254987,0.4074821943302524,0.32372563191072307,-1.0962312047366423,False,True,False,False,False,False,False,True,False,False,False,False
ORD0192,"(16.4978, 81.202966)","(13.435223, 78.026865)",-1.0503207436947173,1.0043254236146966,0.3728993883378121,0.019415564130168962,1.0335739036735203,1.4143955907550954,1.557737725194671,False,True,False,True,False,True,False,False,False,True,True,False
ORD0193,"(12.823713, 86.24385)","(17.741438, 80.52411)",1.6384698823190604,-1.5521392910408947,-1.1957022452055641,-0.41204141654023646,0.9495573028491419,-0.6453973371668239,-1.0412602800333177,True,False,False,True,False,True,False,False,True,False,False,False
ORD0194,"(21.300802, 78.099101)","(15.235271, 79.650149)",-0.7279589247720845,-1.186930046090096,-0.1975012056779609,1.601424493254987,0.6615483952231728,-0.329294753796386,1.5212042534974306,True,False,False,True,False,True,False,True,False,False,False,False
ORD0195,"(13.634688, 81.317357)","(19.198154, 79.886316)",0.9820239965129718,-0.4565115561884984,1.513700576369358,-0.5558604100970382,1.6455508240782926,-0.1295856116866474,0.7871204764033455,True,False,False,False,False,False,True,False,True,False,False,True
ORD0196,"(17.910045, 81.56199)","(18.098924, 87.896124)",1.8055119157607884,1.0043254236146966,1.3711004278654153,0.45087254480057376,-0.6756598234976344,0.7049968463905429,0.6734228495324942,False,False,False,False,False,False,True,False,False,True,True,False
ORD0197,"(21.66459, 82.226635)","(16.892341, 80.554716)",-0.792431288556611,1.0043254236146966,-1.0531020967016207,-0.12440342942663285,0.6736467857418833,1.2312984188299974,-0.2166964094834499,False,True,False,False,True,True,False,False,False,True,False,False
ORD0198,"(14.575401, 82.55641)","(13.625369, 82.418092)",1.335156716332765,-0.4565115561884984,-1.1957022452055641,-0.41204141654023646,0.09090764242399442,0.5666916864814561,-1.4175208950834022,False,True,False,False,False,False,True,False,False,False,True,False
ORD0199,"(12.094497, 82.893369)","(19.135509, 86.659978)",1.8406786596432572,1.3695346685654952,0.23029923983386869,1.601424493254987,-0.5563562503270171,-1.2648100076158977,1.3190751390603614,True,False,False,False,False,True,False,False,False,True,False,True
ORD0200,"(19.360304, 84.132424)","(20.941636, 77.01334)",-0.33965946106982237,-1.186930046090096,1.2285002793614712,-0.6996794036538395,0.2717113673980566,-1.3208411413739922,0.07830283861389384,False,True,False,True,False,True,False,False,True,False,True,False
